{
  "accuracy": 0.5138265284713188,
  "f1_score": 0.508525778521489
}